Metric,Value
Test Accuracy,0.982047975063324
Test Loss,0.054890815168619156
